type,text,score,start,end
QUANTITY,half,0.5579853057861328,357,361
PERSON,bob,0.7727577090263367,770,773
PERSON,bauer,0.5386179685592651,1067,1072
PERSON,fbi,0.42211833596229553,1112,1115
PERSON,nikos,0.600134015083313,1351,1356
PERSON,babb,0.5734993815422058,1400,1404
PERSON,fbi ms,0.5740072727203369,1483,1489
PERSON,briar,0.5299554467201233,1490,1495
PERSON,owen,0.49682560563087463,1528,1532
ORGANIZATION,fbi,0.6721430420875549,1585,1588
QUANTITY,both,0.795722246170044,1768,1772
